<?xml version="1.0" encoding="UTF-8"?>
<addon id="plugin.tapedeck.navidrome"
       name="Navidrome"
       version="0.1.1"
       provider-name="TapeDeck">

    <requires>
        <import addon="xbmc.python" version="3.0.0"/>
    </requires>

    <extension point="xbmc.python.pluginsource"
               library="default.py">
        <provides>audio</provides>
    </extension>

    <extension point="xbmc.addon.metadata">
        <summary>Navidrome music plugin</summary>
        <description>Browse and play music from Navidrome</description>
        <platform>all</platform>
    </extension>
</addon>