<?xml version="1.0" encoding="UTF-8" standalone="yes"?>
<addon id="repository.kodi.navidrome" name="Navidrome Kodi Repository" version="1.0.0" provider-name="Your Name">
    <extension point="xbmc.addon.repository" name="Navidrome Kodi Repository">
        <info compressed="false">https://plugin-kodi-navidrome-releases.pages.dev/zips/addons.xml</info>
        <checksum>https://plugin-kodi-navidrome-releases.pages.dev/zips/addons.xml.md5</checksum>
        <datadir zip="true">https://plugin-kodi-navidrome-releases.pages.dev/zips/</datadir>
    </extension>
    <extension point="xbmc.addon.metadata">
        <summary lang="en">Navidrome music server integration for Kodi</summary>
        <description lang="en">Repository for Navidrome Kodi addon with automatic updates</description>
        <platform>all</platform>
        <assets>
            <icon>icon.png</icon>
        </assets>
    </extension>
</addon>
